{"token":{"type":"oauthSetting","oAuthSettings":{"identityProvider":"oauth2","clientId":"autenti-power-automate-connector","scopes":["full notification_management"],"redirectMode":"GlobalPerConnector","redirectUrl":"https://global.consent.azure-apim.net/redirect/autenti-20e-2dsignature-20accept-5f056dae26f8c2-e4a316614a3c79e6","properties":{"IsFirstParty":"False","IsOnbehalfofLoginSupported":false},"customParameters":{"authorizationUrl":{"value":"https://api.accept.autenti.net/api/v2/auth/authorization"},"tokenUrl":{"value":"https://api.accept.autenti.net/api/v2/auth/token"},"refreshUrl":{"value":"https://api.accept.autenti.net/api/v2/auth/token"}}}}}