<ImportExportXml xmlns:xsi="http://www.w3.org/2001/XMLSchema-instance">
  <Entities></Entities>
  <Roles></Roles>
  <Workflows></Workflows>
  <FieldSecurityProfiles></FieldSecurityProfiles>
  <Templates />
  <EntityMaps />
  <EntityRelationships />
  <OrganizationSettings />
  <optionsets />
  <CustomControls />
  <EntityDataProviders />
  <Connectors>
    <Connector>
      <connectorid>276223fb-4637-404d-8475-2ed4189f85bc</connectorid>
      <description>The Autenti E-Signature Standard Workflow Connector enables integration with the Autenti platform, offering functionalities related to managing processes of electronic signing of documents within workflows. Connector require additional purchase: https://autenti.com/p-a</description>
      <displayname>Autenti E-Signature Workflow</displayname>
      <iconbrandcolor>#007ee5</iconbrandcolor>
      <name>autenti_autenti-20e-2dsignature-20workflow</name>
      <connectortype>1</connectortype>
      <scriptoperations>["Document_process_participants","Actions_availability","Document_change"]</scriptoperations>
      <openapidefinition>/Connector/autenti_autenti-20e-2dsignature-20workflow_openapidefinition.json</openapidefinition>
      <connectionparameters>/Connector/autenti_autenti-20e-2dsignature-20workflow_connectionparameters.json</connectionparameters>
      <policytemplateinstances>/Connector/autenti_autenti-20e-2dsignature-20workflow_policytemplateinstances.json</policytemplateinstances>
      <customcodeblobcontent>/Connector/autenti_autenti-20e-2dsignature-20workflow_customcodeblobcontent.csx</customcodeblobcontent>
      <iconblob>/Connector/autenti_autenti-20e-2dsignature-20workflow_iconblob.Png</iconblob>
    </Connector>
  </Connectors>
  <Languages>
    <Language>1033</Language>
    <Language>1026</Language>
    <Language>1028</Language>
    <Language>1029</Language>
    <Language>1030</Language>
    <Language>1036</Language>
    <Language>2052</Language>
    <Language>1043</Language>
    <Language>1061</Language>
    <Language>1035</Language>
    <Language>1031</Language>
    <Language>1038</Language>
    <Language>1040</Language>
    <Language>1041</Language>
    <Language>1042</Language>
    <Language>1044</Language>
    <Language>1045</Language>
    <Language>1053</Language>
    <Language>2070</Language>
    <Language>3082</Language>
  </Languages>
</ImportExportXml>