{"token":{"type":"oauthSetting","oAuthSettings":{"identityProvider":"oauth2","clientId":"autenti-power-automate-connector","scopes":["full notification_management"],"redirectMode":"GlobalPerConnector","redirectUrl":"https://global.consent.azure-apim.net/redirect/autenti-20e-2dsignature-20workflow-5f056dae26f8-d895f64757125217","properties":{"IsFirstParty":"False","IsOnbehalfofLoginSupported":false},"customParameters":{"authorizationUrl":{"value":"https://api.autenti.com/api/v2/auth/authorization"},"tokenUrl":{"value":"https://api.autenti.com/api/v2/auth/token"},"refreshUrl":{"value":"https://api.autenti.com/api/v2/auth/token"}}}}}